{"accuracy": [0.9408197999000549, 0.9951393008232117, 0.9967929720878601, 0.9969432950019836, 0.9978452324867249, 0.9973942637443542], "loss": [0.1430385559797287, 0.019524244591593742, 0.010580508038401604, 0.011683027260005474, 0.006898917723447084, 0.00802630465477705], "val_accuracy": [0.5690519213676453, 0.5690519213676453, 0.5690519213676453, 0.5690519213676453, 0.5690519213676453, 0.5690519213676453], "val_loss": [4.924288749694824, 6.17696475982666, 7.63198709487915, 9.228755950927734, 10.558152198791504, 9.322973251342773]}